{"cameraMode":{"drawMode":0,"name":"Shaded","section":"Shading Mode"},"sceneLighting":true,"audioPlay":false,"sceneViewState":{"m_AlwaysRefresh":false,"showFog":true,"showSkybox":true,"showFlares":true,"showImageEffects":true,"showParticleSystems":true,"showVisualEffectGraphs":true,"m_FxEnabled":true},"in2DMode":false,"pivot":{"x":1.4635634422302247,"y":-9.883990287780762,"z":17.181509017944337},"rotation":{"x":0.38199496269226076,"y":-0.042950525879859927,"z":0.017775388434529306,"w":0.9230017066001892},"size":36.597537994384769,"orthographic":false}