{"cameraMode":{"drawMode":0,"name":"Shaded","section":"Shading Mode"},"sceneLighting":true,"audioPlay":false,"sceneViewState":{"m_AlwaysRefresh":false,"showFog":true,"showSkybox":true,"showFlares":true,"showImageEffects":true,"showParticleSystems":true,"showVisualEffectGraphs":true,"m_FxEnabled":true},"in2DMode":false,"pivot":{"x":18.69877815246582,"y":18.27933692932129,"z":66.65435028076172},"rotation":{"x":0.015191910788416863,"y":-0.9830918312072754,"z":0.09647151082754135,"w":0.15522673726081849},"size":0.2900310158729553,"orthographic":false}