{"cameraMode":{"drawMode":0,"name":"Shaded","section":"Shading Mode"},"sceneLighting":false,"audioPlay":false,"sceneViewState":{"m_AlwaysRefresh":false,"showFog":true,"showSkybox":false,"showFlares":true,"showImageEffects":true,"showParticleSystems":true,"showVisualEffectGraphs":true,"m_FxEnabled":true},"in2DMode":false,"pivot":{"x":-2.4549999237060549,"y":3.1679999828338625,"z":-18.010000228881837},"rotation":{"x":0.16545608639717103,"y":-0.8185099959373474,"z":0.2894423007965088,"w":0.4678814709186554},"size":0.3561910390853882,"orthographic":false}